{
  "Total" : {
    "transaction" : "Total",
    "sampleCount" : 1,
    "errorCount" : 0,
    "errorPct" : 0.0,
    "meanResTime" : 1612.0,
    "medianResTime" : 1612.0,
    "minResTime" : 1612.0,
    "maxResTime" : 1612.0,
    "pct1ResTime" : 1612.0,
    "pct2ResTime" : 1612.0,
    "pct3ResTime" : 1612.0,
    "throughput" : 0.6203473945409429,
    "receivedKBytesPerSec" : 1.1782965648263026,
    "sentKBytesPerSec" : 0.07875504032258064
  },
  "HTTP Request" : {
    "transaction" : "HTTP Request",
    "sampleCount" : 1,
    "errorCount" : 0,
    "errorPct" : 0.0,
    "meanResTime" : 1612.0,
    "medianResTime" : 1612.0,
    "minResTime" : 1612.0,
    "maxResTime" : 1612.0,
    "pct1ResTime" : 1612.0,
    "pct2ResTime" : 1612.0,
    "pct3ResTime" : 1612.0,
    "throughput" : 0.6203473945409429,
    "receivedKBytesPerSec" : 1.1782965648263026,
    "sentKBytesPerSec" : 0.07875504032258064
  }
}